{"죽전": {"교직원식당": "*정식 5,000원잡곡밥 콩나물국 돈육고추장볶음 어묵볶음 치커리사과무침 포기김치*일품 5,000원 중화풍만두국 쌀밥 치커리사과무침 너비아니구이 포기김치*양식 4,000원등심돈까스,추가밥,감자튀김,오이피클,우동국, 배추김치*백반 2,200원쌀밥 콩나물국 돈육고추장볶음 유채나물무침 포기김치판매시간 10:00~품절 시*플러스바양배추샐러드&드레싱,비빔야채,야채죽*상기메뉴는 식자재 수급 상황에 따라 달라질 수 있습니다.*원산지는 일메뉴표를 참고하시기 바랍니다.", "학생식당": "*방학기간 동안 학생식당 운영이 없습니다.*2017.12.20~개강 전*대학원동 7층 교직원식당 이용 부탁드립니다.", "생활관식당": "* 한식(10:00~19:00)치즈찜닭 4,000원탕수육덮밥*꿔바로우소스 4,500원쇠고기콩나물국밥 4,000원* 양식 4,500원(10:00~19:00)점보돈까스/치킨치즈까스(매콤소스 or 달콤소스)* 백반 중식 4,000원(11:00~13:30): 흑미밥, 얼갈이된장국, 돼지고기김치볶음, 데친두부*양념장, 봄동겉절이, 배추김치"}, "천안": {"교직원식당": "밥/백미(쌀:국내산)시레기된장국돈육두루치기(돼지고기: 국내산)쌈채소계절나물김 치 (김치:국내산, 고추가루 : 국내산, 중국산 혼용, 기타양념 : 국내산, 볶음김치 : 중국산)양배추샐러드 (흑임자,유자,들깨,블루베리,아로니아,파인애플, 딸기 등)", "학생식당": "", "단우홀기숙사식당": "< 방 학 기 간 >-운영시간 11 : 00 ~ 18 : 00 -일반식 미운영-주말(토요일, 일요일) 미운영- Break Time 14:00 ~ 16:00* 2월14일~2월18일 식당 운영이 없습니다.*2월 23일~2월27일 식당 운영이 없습니다.12월 18일부터 방학 기간에는 일반식(조식),3300원 메뉴(중식,석식)이 제공 되지않고 판매식만 제공됩니다.닭갈비(계육:브라질산)돈육김치찌개(돈육:미국산/김치:배추,고추분-중국산/두부:대두-외국산/우사골육수:호주산)라면치즈라면떡라면 \\4,500뼈없는 감자탕(돈육:미국산/우사골육수:호주산)"}}